first_name,last_name,job_title,department,email,address,phone_number,salary,password
Allen,Hamilton,Physiological scientist,Engineering,bryanmartha@hall.com,842 Wagner Gateway Juanstad  WY 59009,5415604677,144242,vQZBFUQC
Heather,Hooper,Hospital doctor,Finance,alisonhunter@wilson-graves.biz,609 Wilson Plaza Suite 334 Bettyton  RI 79462,8071579829,41803,8w4ypNdV
Megan,Fuller,Marine scientist,Engineering,zacharybrown@carrillo-sims.org,578 Drew Ways Hugheschester  OH 02499-9554,2869117798,42993,j2ojJo7K
Timothy,Ruiz,Magazine features editor,Marketing,smoore@gmail.com,3617 Pruitt Center Apt. 286 East Blake  TX 73683,8381583079,62601,PSc2aDJX
Deborah,Ramirez,Nurse  adult,Customer Support,toniholmes@gmail.com,40853 Cunningham Green Christopherstad  OK 09317,1527732274,144188,ngmDKHlZ
Carmen,Clark,Financial risk analyst,Engineering,jerryrodriguez@hotmail.com,1867 Baird Courts Apt. 021 North Georgeport  NE 17574,5897189105,40792,wWx2cbRd
Devin,Rodriguez,Exhibitions officer  museum/gallery,Finance,csummers@yahoo.com,306 Lopez Points Suite 975 East Jacob  SC 82133-2650,6931443608,33846,Z4XO5E3r
Ashley,Jackson,Soil scientist,HR,shawmonica@graham.com,53206 Odom Cliffs Apt. 328 Ronaldstad  AK 63308,7560120958,76913,tSp6kcHn
Colin,Pennington,Administrator  sports,IT,stephen94@hotmail.com,356 Rose Ridge Jensenton  NM 86767,4152670682,120687,maJW8h5C
Christine,Barrera,Neurosurgeon,Marketing,donalddavis@gmail.com,89058 Ann Hills Lake Clarencechester  CT 65458-0760,6548754827,62102,yCtc4EJk
Travis,Mcdonald,Civil Service administrator,Sales,matthew78@jackson.com,9569 Benjamin Glen Apt. 694 North Crystalshire  SD 44858-8118,3230409754,83956,GWcYYKI9
Joseph,Brown,Furniture designer,Sales,timothy98@woodward.com,655 Linda Lodge Welchton  AL 62479,7469263808,31173,ujjf1sCG
Emma,Burgess,Chief Financial Officer,Operations,jennyperez@smith-moss.org,6740 Shields Glen Suite 208 North Jennifer  ME 10983-6412,7891489356,113109,UOcZl5KY
Sharon,Kent,Early years teacher,IT,nibarra@gonzalez.com,846 Henderson Hollow Suite 419 Cameronhaven  MH 14707-5082,2339762361,80966,C1IN3UZd
Steven,Dean,Librarian  public,Marketing,blanchardheather@yahoo.com,638 Robert Prairie Suite 689 Port Scottport  OR 09820,8551686803,97479,jJeqcXIo
David,Rodgers,Radio producer,Customer Support,jonescharles@yahoo.com,713 Janice Curve Suite 250 Port Mark  DE 29051,5171677654,127417,aKFJqr6a
Raymond,Leon,Barrister,HR,rguerrero@davis.com,34483 Denise Road East Brian  NC 79556-4648,2239534942,74044,l4rjsffh
Diane,Richards,Scientist  forensic,Finance,brittanyscott@chambers.org,2403 Danielle Unions Apt. 506 Shannonchester  OH 84351-7719,1680713915,78132,r2s6C3cx
Aaron,Green,Retail manager,Marketing,lesliedawson@rivera.com,1023 Nicole Courts Andreaview  ID 46225,5476075357,51422,VIEwzVuN
Austin,Powell,Engineer  electronics,Marketing,oharper@tran-hoffman.com,49848 Cox Walk Apt. 064 Tonyfort  OR 02443-9072,9840759417,118856,FZUmkwla
Jennifer,Burns,Youth worker,Marketing,ygarrison@schmidt.info,106 Delgado Branch Kathleenbury  DE 32937-2430,5364815167,134325,b6GA4L2C
Brittany,Moore,Sports therapist,Finance,carterjames@randall.com,73425 Mark Station Lake Robertchester  RI 68921-4471,6705392288,63502,CSbtjS6X
Chelsea,Thompson,Art gallery manager,Sales,daniel81@coleman-hodges.org,PSC 4790  Box 4798 APO AE 57072-4872,6165191536,139294,JvXPr2Nc
Angela,Watson,Chief Technology Officer,Marketing,parkerjohnson@hotmail.com,PSC 2172  Box 7420 APO AE 97137,6859308003,43710,PiaCZCJZ
David,Bates,Economist,IT,scott57@perez.com,2549 Butler Trail Christineville  MS 82753-3523,5638445634,54915,u01OmSBn
Monica,Farmer,Geographical information systems officer,Operations,gilmorelinda@yahoo.com,81048 Shannon Roads Davidburgh  UT 77333,1107317714,124148,kLzXfzgw
Chase,Johnson,Wellsite geologist,Operations,sullivanraymond@yahoo.com,3913 Johnson Views Lake Kyleport  VI 93866-8492,8559377683,49261,Z7oAvl1U
Kara,Weaver,Retail buyer,Operations,yhopkins@hotmail.com,359 Mathew Manors Port Nicole  KS 13578-3936,5381489315,33632,jDeIgCF3
Rhonda,Wilkins,Product/process development scientist,Operations,sabrinastafford@johnson.net,211 Kimberly Lake Reedshire  CT 17140,9575837563,139029,8lpAL2fP
Jennifer,Wiley,Herbalist,Sales,amberconway@yahoo.com,64505 Mary Branch East Anthony  NM 33091,4755047271,115042,wV0zSlkx
Jessica,Turner,Secretary/administrator,Sales,garzaalyssa@gmail.com,45017 Hannah Crossing Stevensonmouth  CT 25644-7448,4865253874,88056,Df5q9rFG
Julie,Benson,Community education officer,HR,ashleypeck@yahoo.com,4789 Martha Field Suite 264 Phillipborough  TX 32890-2185,3779353997,91047,GkPcYb9n
Julie,Sanchez,Theatre manager,Finance,rebeccalewis@henry-watkins.org,0178 Steven Plain Suite 861 East Juan  MA 93409,9324701876,64018,ZSrhvzT1
Erin,Medina,Set designer,Marketing,christopherwright@yahoo.com,61991 Reynolds Creek Apt. 095 South Margaretberg  AS 89921,4295828292,65883,Um1McAR5
Christine,Meyers,Podiatrist,HR,owenlauren@hotmail.com,681 Martin Turnpike Apt. 130 New Dennis  MS 38969-2918,5541059794,112832,EdUMS61k
Teresa,Cooke,Field seismologist,Customer Support,grichardson@hatfield.com,383 Kane Cape Suite 492 Sullivanshire  KY 10118,8023806024,117993,TPjHRypw
David,Lopez,Petroleum engineer,Operations,stephanie34@wilson.com,Unit 1064 Box 6888 DPO AE 96930-5123,4509990336,43506,56JoQxQ4
Maria,Russell,Higher education lecturer,Operations,ian73@coleman.net,815 Teresa Row Michaelfort  CO 38600,8268848203,81991,dVjceK0k
Scott,Gill,Designer  textile,IT,cynthia74@gmail.com,53588 Owen Light Apt. 685 Catherineville  AR 25664-3803,3763590871,31720,133XDSMV
Rebekah,Potter,Chartered accountant,Sales,nmoore@gmail.com,PSC 3026  Box 0986 APO AP 06735,6959010434,42070,OSAfOVIA
Connor,Carroll,Best boy,Finance,suzannelowe@gmail.com,42806 Andrew Wall Suite 707 Morgantown  CO 16001,8133082954,114300,Q5XlUsIv
Travis,Shepherd,Production engineer,IT,ambererickson@yahoo.com,2480 Rodriguez Canyon Apt. 148 Lake Andrewhaven  PR 79666-0164,6242523944,43620,XM9kZJ1A
Jeremy,Hanna,Scientist  research (maths),IT,holsen@hotmail.com,64294 Courtney Extensions Jamieshire  MD 26496,5035044208,68725,L3tz67ZU
Jonathan,Kelly,Dancer,Finance,michael96@hotmail.com,76687 Brandon Turnpike North Stefaniebury  FL 51598,6420437345,34995,55eJgi1J
Rachel,Barr,Claims inspector/assessor,Marketing,berryjohn@ashley-wood.biz,096 Linda Square Maryfurt  MH 32073-0297,7187191016,54112,XhNU26Gb
Johnny,Bernard,Brewing technologist,Sales,hwilcox@yahoo.com,25844 Joyce Junction Apt. 022 South Mirandaton  NV 77904,1079074951,89359,otz84DHA
Shelly,Ward,Surveyor  hydrographic,IT,kennethbrown@smith-rice.com,02873 Sanchez Row Elizabethborough  ND 05412-0624,8364282232,105045,KXMo1ZFy
Jennifer,Marsh,Production assistant  radio,HR,stephaniebrewer@yahoo.com,78478 Mary Locks West Kathrynville  SD 79715,7337245283,123898,iEScnuwK
Daniel,Andrews,Occupational psychologist,Engineering,todd56@gmail.com,1647 Christine Glen Lake Amanda  WA 51376-2646,3744854400,114210,gcWP8joO
Kayla,Gonzales,Tour manager,Operations,bdoyle@taylor.com,2109 Simmons Rapid Lauraton  MH 64923,7124008844,66858,y8BMMKjk
Timothy,Madden,Make,Marketing,hollandshelia@yahoo.com,7520 Alvarez Trace Apt. 723 New Jessicaville  AR 10845-5393,5594208789,92446,f85fthoz
Blake,Reyes,Education officer  museum,Marketing,hchavez@ramos.com,94038 Carolyn Knoll Apt. 675 New Oliviaton  MA 19202,1761933624,127444,tBnvgcDj
Ricky,Diaz,Journalist  magazine,Operations,wesleyharris@hotmail.com,3226 Jessica Mall Apt. 042 New Jesseville  MP 62797-9957,6775787035,116199,9S4SMbhf
Christopher,Young,Games developer,Operations,henry45@park.com,61812 Derek Ville Apt. 934 Mosleyview  ID 09871,2311149320,31447,tviUREKL
Scott,Price,Maintenance engineer,Finance,stonekristy@hotmail.com,049 George Haven Apt. 462 Lake Kayla  WY 33257,8742513662,144507,2d4dgQGU
Connor,May,Investment banker  corporate,Finance,edward61@gmail.com,1618 Price Fort East Tammy  GU 60568-8630,8279135575,136002,fr9Agma7
Andrea,Harrell,Chartered management accountant,Finance,tracy88@wilcox.org,9604 Eric Place Suite 290 Brendaland  AK 21238-7522,7340111554,56373,0mr0HeJw
Crystal,Fowler,Engineer  aeronautical,IT,stephaniewhite@yahoo.com,Unit 3053 Box 2979 DPO AE 10115-6246,1912453651,54911,bMlWFLXo
Ann,Moon,Purchasing manager,Operations,darrenlong@adams.org,PSC 8603  Box 6366 APO AP 60766-5501,6288549062,95815,hJyev2nN
Nicholas,Rodriguez,Buyer  industrial,Finance,uwalker@gmail.com,61892 Danielle Loop South Jennifer  WA 21099,2225319855,33824,kP1Qbqri
Bryan,Pope,Animator,Engineering,dudleytiffany@abbott-sellers.info,8563 Julie Brooks Kellymouth  OK 07323-4980,9403673332,78333,bZqazL4W
David,Watson,Animal technologist,Marketing,hamiltonchad@gmail.com,51283 Ball Overpass Apt. 828 Port Kimview  TN 22124,6117243539,77048,7OsSmi1Y
Jennifer,Johnson,Therapist  drama,Customer Support,matthew73@hotmail.com,75305 Pamela Place Lake Richard  VA 63610-2941,9067312743,91306,6MrYswGo
Robin,Terry,Engineer  building services,Engineering,stephen46@gmail.com,13502 Fleming Parks Coleview  NH 97722-1549,9220499423,86702,x7qagvDP
Connie,Hill,Education administrator,HR,christensenbrittany@yahoo.com,562 Singleton Mill Apt. 774 Edwardville  CO 72177-0278,1744298660,106852,GKXMxd6H
Steven,Dean,Product/process development scientist,Customer Support,stacey37@robinson.com,38503 Karen Row Suite 469 Davisland  VA 43342,5506695806,82682,u4rTX6Km
Michael,Ward,Accounting technician,Sales,hayesnicholas@paul-holmes.biz,79132 Kelly Mission Apt. 668 Butlertown  MS 02992-9220,9925100313,137658,W9r4mS2N
Brittany,Rogers,Research officer  political party,HR,evanspatricia@gmail.com,10655 Phillip Locks Apt. 461 South Samuelfort  VA 84058-0644,9585727733,85313,FsZYPmUI
David,Kirk,Community arts worker,Engineering,caldwellmatthew@gmail.com,36212 Thompson Tunnel Johnsonshire  AR 66525,8421093139,40442,YkIFvrc9
Catherine,Mcfarland,Research scientist (medical),Marketing,burkeerin@wilson-donaldson.com,144 Misty Cape Suite 005 Collinsside  CT 51879,6086136273,37309,fW26Fv5V
Susan,Hamilton,Diplomatic Services operational officer,Sales,natalie49@yahoo.com,80085 Turner Field Port Johnborough  LA 49143,8800419698,106985,J4ihp8AG
Ellen,Bush,Teacher  music,Marketing,adamsandrew@schmidt-spencer.org,17519 Sheila Falls West Stephenton  NV 24616-7552,4236872314,114280,FG2KGPaX
James,Villarreal,Chief of Staff,IT,sray@hernandez.com,361 Kaufman Islands West Mary  RI 63415,5177581111,149943,Pm8mmUp5
Luke,Lewis,Special educational needs teacher,Sales,sara78@gmail.com,379 Silva Park Apt. 709 Mcclainfort  WY 40105,8946674276,82770,KstfeWit
Christina,Todd,Telecommunications researcher,Customer Support,patriciareyes@gmail.com,99107 Brooke Crossroad Munozmouth  TN 79462-8222,3132994212,39808,afyAnvEL
Lindsay,Wyatt,Special educational needs teacher,Finance,mmason@grimes.biz,Unit 6353 Box 2289 DPO AA 46760-3862,6334994668,106675,LdMIldyd
Brandon,Craig,Clinical research associate,Operations,jennifer72@hahn-roberts.net,450 Romero Stream Port Samantha  WY 62114,3152954512,72812,CUcoWmQO
Eric,Cole,Forest/woodland manager,HR,lopezamanda@hotmail.com,0620 Michele Unions West Travisstad  OH 52402-8296,3730775336,110026,nGmRmKwd
Erin,Collins,Runner  broadcasting/film/video,IT,nicole08@yahoo.com,07921 Clark Cove Suite 535 Chapmantown  ID 90903,2179600770,45092,InndSpgM
Jane,Andersen,Agricultural engineer,Customer Support,richardnunez@ward.com,049 Montgomery Rapids Suite 621 Port Jessicaport  IL 31730-6883,1812929294,42545,W2bGS5BX
Mariah,Dean,Conservator  furniture,HR,robertskaren@parks.com,98346 Dominguez Locks Apt. 900 Port Vincent  UT 09065-9313,4174601059,115025,CEaiDFI8
Madison,Gregory,Surveyor  minerals,Customer Support,maria10@hill.com,3331 Catherine Mill Vincentstad  NM 22975,6223354090,89585,h1NGzoHu
Norma,Mitchell,Development worker  community,Operations,salasrussell@murphy.com,259 Justin Inlet Villegasmouth  NJ 65861-4380,6892026933,74689,aOdVsakL
Cameron,Black,Associate Professor,Finance,mercedes61@yahoo.com,3954 Wade Courts Lake Tylerville  GA 75596,3561767913,135431,Cvu8Rpqo
Crystal,Chase,Designer  ceramics/pottery,Finance,reedmonique@hicks.com,079 Riley Ferry Apt. 775 Jeremyfort  WV 83692-4078,5613565929,30793,xm5vxFtb
Kyle,Mason,Microbiologist,IT,qcoleman@yahoo.com,Unit 5975 Box 4645 DPO AA 83132-9596,7445648494,85002,LpvL9Ay2
Joshua,Taylor,Designer  jewellery,Engineering,crystaljohnson@yahoo.com,72499 Scott Walks West Thomasbury  NC 90601,4495301558,94702,yMFSSjAZ
Sarah,Schmidt,Games developer,Engineering,raymond91@yahoo.com,891 Parsons Flats East Cynthiachester  IL 27605-4430,5377250237,35668,tqV9lmnc
Jennifer,Small,Clinical cytogeneticist,Marketing,mackenziedean@gmail.com,7783 Nicholson Village Elizabethmouth  HI 38729-7168,6822449380,58518,w2MVtWJT
Brandon,Jones,Accountant  chartered management,IT,bdaniels@clark.org,1573 Lee Fields Apt. 785 Victorialand  IN 42354-1835,4333442661,147295,km1QEuSF
Michael,Smith,Corporate treasurer,Customer Support,colemansteven@smith-davidson.com,Unit 9196 Box 7329 DPO AE 91613,5366150257,93213,stQho6Jh
Martin,Kim,Research officer  trade union,Customer Support,ejohnson@hotmail.com,33301 Brian Parkways Apt. 221 Heatherfurt  NH 21968,6355436812,67658,TD8OiTtD
Jerome,Medina,Social research officer  government,Operations,brett24@yahoo.com,339 Evans Port Suite 396 Dunlapberg  CO 85002-3031,7183810853,39475,BZUbWBDP
Megan,Moran,Education administrator,Marketing,sabrina95@sherman-jones.net,14152 William Creek North Jill  NC 56532-3699,4887512440,78896,58Rs6YqG
Megan,Mccoy,Journalist  newspaper,Engineering,garrettdeanna@hotmail.com,253 Jenkins Drive East Bettyborough  IA 07848,2620926072,122028,bflfHXmg
Matthew,Wagner,Corporate treasurer,Sales,tmcdaniel@hotmail.com,0324 Barber Hollow East Christopherhaven  ID 13254,8537175604,45215,zeYmkxXw
Autumn,Harvey,Geochemist,Operations,emilythompson@shaw-esparza.com,78648 Lori Underpass West Erik  AS 18737-7041,8987783680,45163,911wF0Ux
Erica,Smith,Historic buildings inspector/conservation officer,Marketing,knoxnatalie@lewis.com,31783 Lutz Plains Suite 457 Petersfort  ID 07391-9028,6381003934,81458,OOgxSVX0
Brandon,Meyer,Theatre manager,HR,nicolebrock@mercado.com,6840 Jennifer Islands Suite 604 New Melissaborough  NY 68914,7751466730,35564,P3B9Ks0o
Cesar,Duncan,Engineer  biomedical,IT,cgray@fox-roth.com,3075 Mark Parkways Suite 490 Parkerville  WI 20668-8301,2199709784,51887,oNabxofJ
